{"cameraMode":{"drawMode":0,"name":"Shaded","section":"Shading Mode"},"sceneLighting":false,"audioPlay":false,"sceneViewState":{"showFog":true,"showMaterialUpdate":false,"showSkybox":true,"showFlares":true,"showImageEffects":true,"showParticleSystems":true},"in2DMode":false,"pivot":{"x":20.149999618530275,"y":131.0,"z":18.09000015258789},"rotation":{"x":-0.1980520635843277,"y":0.5299734473228455,"z":-0.12880410254001618,"w":-0.8144749402999878},"size":8.177839279174805,"orthographic":true}