{"cameraMode":{"drawMode":0,"name":"Shaded","section":"Shading Mode"},"sceneLighting":false,"audioPlay":false,"sceneViewState":{"showFog":true,"showMaterialUpdate":false,"showSkybox":true,"showFlares":true,"showImageEffects":true,"showParticleSystems":true},"in2DMode":false,"pivot":{"x":218.3846893310547,"y":20.327207565307618,"z":289.3505554199219},"rotation":{"x":-0.1307440996170044,"y":0.8521203994750977,"z":-0.2541069984436035,"w":-0.43843626976013186},"size":2.0601565837860109,"orthographic":false}