{"cameraMode":{"drawMode":0,"name":"Shaded","section":"Shading Mode"},"sceneLighting":false,"audioPlay":false,"sceneViewState":{"showFog":true,"showMaterialUpdate":false,"showSkybox":true,"showFlares":true,"showImageEffects":true,"showParticleSystems":true},"in2DMode":false,"pivot":{"x":20.149999618530275,"y":131.0,"z":18.09000015258789},"rotation":{"x":0.014956281520426274,"y":-0.9850929379463196,"z":0.1262766271829605,"w":0.11613006144762039},"size":134.9135284423828,"orthographic":true}