{"cameraMode":{"drawMode":0,"name":"Shaded","section":"Shading Mode"},"sceneLighting":false,"audioPlay":false,"sceneViewState":{"showFog":true,"showMaterialUpdate":false,"showSkybox":true,"showFlares":true,"showImageEffects":true,"showParticleSystems":true},"in2DMode":false,"pivot":{"x":20.149999618530275,"y":131.0,"z":18.09000015258789},"rotation":{"x":0.06229322403669357,"y":-0.7182449102401733,"z":0.06479424238204956,"w":0.6900086402893066},"size":3485.1708984375,"orthographic":true}