{"cameraMode":{"drawMode":0,"name":"Shaded","section":"Shading Mode"},"sceneLighting":false,"audioPlay":false,"sceneViewState":{"showFog":true,"showMaterialUpdate":false,"showSkybox":false,"showFlares":true,"showImageEffects":true,"showParticleSystems":true},"in2DMode":false,"pivot":{"x":25.020000457763673,"y":0.9499999284744263,"z":11.670000076293946},"rotation":{"x":-0.005517321173101664,"y":0.9922531247138977,"z":-0.11511717736721039,"w":-0.04741082340478897},"size":1.545044183731079,"orthographic":true}