{"cameraMode":{"drawMode":0,"name":"Shaded","section":"Shading Mode"},"sceneLighting":true,"audioPlay":false,"sceneViewState":{"showFog":true,"showMaterialUpdate":false,"showSkybox":true,"showFlares":true,"showImageEffects":true,"showParticleSystems":true},"in2DMode":false,"pivot":{"x":0.3809356689453125,"y":-0.12389850616455078,"z":0.2093210220336914},"rotation":{"x":-0.03667720779776573,"y":-0.6935849189758301,"z":0.03540507331490517,"w":-0.7185724377632141},"size":15.381688117980957,"orthographic":true}