{"cameraMode":{"drawMode":0,"name":"Shaded","section":"Shading Mode"},"sceneLighting":false,"audioPlay":false,"sceneViewState":{"showFog":true,"showMaterialUpdate":false,"showSkybox":true,"showFlares":true,"showImageEffects":true,"showParticleSystems":true},"in2DMode":false,"pivot":{"x":20.149999618530275,"y":131.0,"z":18.09000015258789},"rotation":{"x":0.010044441558420658,"y":-0.9090036749839783,"z":0.02179560996592045,"w":0.4161764681339264},"size":1409.783447265625,"orthographic":true}